Opportunity_ID,Project_Name,Contact_ID,Content_Code,Content_Type,Hook,Script_Text,Technical_Instructions,Ad_Copy_Caption,Assigned_To,Item_Cost,Grand_Total
"Wayso_UniverseBusiness_SystemCampaign","WAYSO HUB","N/A","STRATEGY_FEE","Strategic Fee","ุชุฎุทูุท ุงุณุชุฑุงุชูุฌู","ุฑุณูู ุงูุชุฎุทูุท ููุถุน ุงูุงุณุชุฑุงุชูุฌูุฉ ุงูุชุณููููุฉ ุงููุชูุงููุฉ ูููุดุฑูุน.","ุชุบุทูุฉ ุดุงููุฉ ูุฌููุน ูุฑุงุญู ุงูุชุญูููุ ุงูุชุฎุทูุทุ ูุชุญุฏูุฏ ุงูุฃูุฏุงู ุงูุฑุฆูุณูุฉ ููุญููุฉ.","","ุงูุฅุฏุงุฑุฉ","10000","51000"
"Wayso_UniverseBusiness_SystemCampaign","WAYSO HUB","N/A","V1","ููุฏูู","ุชุนุจุช ูู ุฎุณุงุฑุฉ ุฏุฑุงููู ูู ุฅุนูุงูุงุช ูุง ุชุฌูุจุด ูุชูุฌุฉุ","ุชุนุจุช ูู ุฎุณุงุฑุฉ ุฏุฑุงููู ูู ุฅุนูุงูุงุช ูุง ุชุฌูุจุด ูุชูุฌุฉุ
(ูููุฉ ูุตูุฑุฉ)
ุชุญุท ููุฒุงููุฉ... ุชุณุชูู... ู ูู ุงูุชุงูู ูุงูู.
ุงููุชุงุฆุฌ ุชุงุนู ูุชุฐุจุฐุจุฉ... ุฎุทุฑุฉ ุชุฎุฏูุ ูุนุดุฑุฉ ูุง.
ู ุชุญุณ ุฑูุญู ุถุงูุน ูุณุท ุงูุฃุฑูุงู ู ุงูุจูุงูุงุช ูู ูุงุนูุฏูุง ุญุชู ูุนูู.
ุงููุดูู ูุงุดู ููู... ู ูุงุดู ูู ุงูููุตุงุช ุงูุฅุนูุงููุฉ.
ุงููุดูู ุงูุญูููู ูู ุฃูู ุชุฎุฏู ุจู 'ุญููุฉ ุฅุนูุงููุฉ' ูุงุดู ุจู 'ูุธุงู ุชุณูููู'.
ุงูุญููุฉ ูุจููุฉ ุนูู ุงูุญุธ... ุฃูุง ุงููุธุงู ูุจูู ุนูู ุงุณุชุฑุงุชูุฌูุฉ ูุงุถุญุฉ.
ูู Waysoุ ูุง ูุฎุฏููุด ุญููุงุช ุนุดูุงุฆูุฉ.
ูุจููู ูุนุงู ุณูุณุชุงู ุชุณููู ูุชูุงููุ ูุฌูุจูู ุงูููููู ุงูุตุญุ ูุงุดู ูุฌุฑุฏ Clicks.
ุงุญุฌุฒ ุงุณุชุดุงุฑุชู ุงููุฌุงููุฉ ุฏุฑูุ ู ุงูุชุดู ุนูุงุด ุฅุนูุงูุงุชู ูุง ุฑุงููุด ุชุฎุฏู.","[ุงูุฅุทุงุฑ ุงูุนุงู]: ูุฌู ุฅุนูุงูู ูู ููุชุจ ุงุญุชุฑุงููุ ุฅุถุงุกุฉ ุฌูุฏุฉ ููุงุถุญุฉ. ุงูุชุฑููุฒ ุนูู ุงูุชูุงุตู ุงููุจุงุดุฑ ูุน ุงููุงููุฑุง.

[ุงููุดูุฏ 1 - Hook]: ุฒุงููุฉ ุชุตููุฑ ูุชูุณุทุฉ (Medium Shot). ุงููุฌู ุงูุฅุนูุงูู ููุธุฑ ูุจุงุดุฑุฉ ูููุงููุฑุง ุจูุจุฑุฉ ุฌุงุฏุฉ ููุชูููุฉ. ุงูุณุคุงู ููุทุฑุญ ุจุจุทุก ูุซูุฉ.

[ุงููุดูุฏ 2 - Agitation]: ููุทุงุช B-Roll ุณุฑูุนุฉ ุชุธูุฑ ุนูู ุงูุดุงุดุฉ ุฃุซูุงุก ููุงู ุงููุฐูุน: 1. ุฑุณู ุจูุงูู ุฃุญูุฑ ูุงุจุท. 2. ุดุฎุต ููุณุญ ุนูู ุฑุฃุณู ุจุชุนุจ ุฃูุงู ุญุงุณูุจ. 3. ุฃุฑูุงู ูุฅุญุตุงุฆูุงุช ูุนูุฏุฉ ูุบูุฑ ูููููุฉ.

[ุงููุดูุฏ 3 - Solution]: ุนูุฏุฉ ูููุฌู ุงูุฅุนูุงูู. ุฒุงููุฉ ุฃูุฑุจ ููููุงู (Medium Close-up). ุงููุจุฑุฉ ุชุตุจุญ ุฃูุซุฑ ุณูุทููุฉ ููููุฌูุฉ. ุนูุฏ ุฐูุฑ 'ูุธุงู ุชุณูููู'ุ ูุธูุฑ ูุต 'Marketing System' ุนูู ุงูุดุงุดุฉ ุจุฎุท ุนุฑูุถ ููุงุถุญ.

[ุงููุดูุฏ 4 - CTA]: ุงููุฌู ุงูุฅุนูุงูู ูุดูุฑ ุจูุฏูู ุจุดูู ุฎููู ูุญู ุงูุฃูุงู. ูุธูุฑ ุนูู ุงูุดุงุดุฉ ุดุฑูุท ุณููู (Lower Third) ููู: 'ุงุณุชุดุงุฑุฉ ูุฌุงููุฉ - ุงูุฑุงุจุท ูู ุงููุตู' ูุน ุดุนุงุฑ Wayso.","{""headline"":""๐จ ุฅุนูุงูุงุชู ุฑุงูู ุชุงูู ูู ุฏุฑุงููู ุจูุง ูุงูุฏุฉุ"",""body"":""ุฅุฐุง ุฑุงู ุชุนุงูู ูู ูุชุงุฆุฌ ูุชุฐุจุฐุจุฉ ูุชูุงููู ุฅุนูุงูุงุช ุชุฒูุฏ ูู ููู ุจูุง ูุง ุชุดูู ุนุงุฆุฏ ุญููููุ ูุงุฒู ุชุนุฑู ุจูู ุงููุดูู ูุงุดู ูู ุงูููุตุฉุ ุจู ูู ุงูุทุฑููุฉ.\n\nุงูุชุณููู ุงูุนุดูุงุฆู ูู ุนุฏู ุงูุฑุจุญ ุงูุฃูู. ูู Universe Businessุ ููุฏูููู ุญููู Wayso ุงููุจููุฉ ุนูู ุฃูุธูุฉ ุชุณููููุฉ ูุชูุงููุฉุ ูุงุดู ุญููุงุช ูุคูุชุฉ.\n\nูุธุงููุง ูุถูููู: \nโ ุงุณุชูุฏุงู ุฏููู ููุนููู ุงููุซุงูู.\nโ ุชุญููู ุจูุงูุงุช ูุงุถุญ ูุงุชุฎุงุฐ ูุฑุงุฑุงุช ุตุญูุญุฉ.\nโ ุนุงุฆุฏ ุงุณุชุซูุงุฑ (ROI) ูุณุชูุฑ ููุชุฒุงูุฏ."",""cta"":""ุญุงู ุงูููุช ุจุงุด ุชุจูู ุณูุณุชุงู ูุฌูุจูู ุงูููููู ุงูุตุญ. ุงุญุฌุฒ ุงุณุชุดุงุฑุชู ุงููุฌุงููุฉ ูู ุงูุฑุงุจุท ูู ุงูุจุงูู."",""hashtags"":""#ุชุณููู_ุฑููู_ุงูุฌุฒุงุฆุฑ #ุงุนูุงูุงุช_ููููุฉ #ูุดุงุฑูุน_ุตุบูุฑุฉ #ุชุฌุงุฑุฉ_ุงููุชุฑูููุฉ_ุงูุฌุฒุงุฆุฑ #ุฏูุฌูุชุงู_ูุงุฑูุชูุฌ #algeria #businessdz""}","ุจู ุตุงูุจู (ุงููููุชูุฑ ุงููุญุชุฑู)","20000","51000"
"Wayso_UniverseBusiness_SystemCampaign","WAYSO HUB","N/A","C1","ูุงุฑูุณุงู","6 ุนูุงูุงุช ุชูููู ุจูู ุญููุงุชู ุงูุฅุนูุงููุฉ ุฑุงูู ุชูุดูุ ู ูุชุง ูุง ุนูู ุจุงููุด!","{""Slide 1"":""ุฅุนูุงูุงุชู ุชูุดู ู ูุชุง ูุง ุนูู ุจุงููุดุ\n6 ุนูุงูุงุช ุชูุดููู ุงูุณุฑ!"",""Slide 2"":""1. ุบูุงุจ ุงูุจูุงูุงุช ุงููุงุถุญุฉ\n\nูุง ุนูุงุจุงููุด ุดุญุงู ุฑุงู ุชุตุฑู ุจุงุด ุชุฌูุจ ูู ุฒุจูู (CAC)ุ ุงูุฃุฑูุงู ุนูุฏู ูุฌุฑุฏ 'ูุงููุงุช' ู 'ูุดุงูุฏุงุช'ุ ุฅุฐุง ูุง ุนูุฏูุด ูุคุดุฑุงุช ุฃุฏุงุก (KPIs) ุญููููุฉุ ุฑุงู ุชูุดู ูู ุงูุธููุฉ."",""Slide 3"":""2. ุชูููุฉ ุนุงููุฉ... ุฌูุฏุฉ ูุงูู!\n\nุงูู Cost Per Lead (CPL) ุชุงุนู ุทุงูุนุ ุจุตุญ ุฃุบูุจ ูู ูุชูุงุตูู ูุนุงู ูุง ุฅูุง ูุณูุณูู ุจุฑูุ ูุง ุฅูุง ูุงุดู ููุชููู ุตุญ ุจุงูููุชุฌ. ูุงุฐู ุนูุงูุฉ ุจูู ุงูุงุณุชูุฏุงู ุชุงุนู ุบุงูุท."",""Slide 4"":""3. ุนููุงุก ุบูุฑ ูุณุชูุฏููู\n\nุชุจูุน ููุชุฌ ูุงุฎุฑุ ู ูุฌููู ูุงุณ ุชุญูุณ ุนูู ุงูุณููุฉ ุงูุฑุฎูุตุฉุ ูุงุฐุง ุฏููู ูุงุทุน ุจูู ุงูุฑุณุงูุฉ ุงูุฅุนูุงููุฉ ุชุงุนู ูุง ุฑุงููุด ุชูุตู ููุดุฑูุญุฉ ูู ููุฑูุถ ุชูุตููุง."",""Slide 5"":""4. ูุชุงุฆุฌ ูุชุฐุจุฐุจุฉ\n\nุดูุฑ ุชุฎุฏู ูููุญุ ูุดูุฑ ูุงูู... ุจูุง ุฃู ุณุจุจ ูุงุถุญ. ุงูุงุนุชูุงุฏ ุนูู 'ุงูุญุธ' ูู ุงูุจูุฒูุณ ูู ุฃูู ุฎุทูุฉ ูููุดู. ุงููุชุงุฆุฌ ูุงุฒู ุชููู ูุชููุนุฉ ููุณุชูุฑุฉ."",""Slide 6"":""ูููุช ุฑูุญู ูู ูุญุฏุฉ ูู ูุงุฏ ุงูุนูุงูุงุชุ\n\nุงูุญู ูุงุดู ูู ุฒูุงุฏุฉ ุงูููุฒุงููุฉุ ุจู ูู ุจูุงุก ูุธุงู ุชุณูููู ุตุญูุญ.\n\nูุธุงู Wayso ูุญููุ ูุฎุทุทุ ู ูููุฐ ุจุงุด ูุถูููู ูุชุงุฆุฌ ุญููููุฉ ููุณุชุฏุงูุฉ. ุงุจุฏุฃ ูู ุจูุงุก ูุธุงูู. ุชูุงุตู ูุนูุง ุงูููู.""}","[ุงููููุฉ ุงูุจุตุฑูุฉ]: ุงุณุชุฎุฏุงู ุฃููุงู ุจุฑุงูุฏ Universe Business. ุชุตููู ูุธูู ูุงุญุชุฑุงูู.

[Slide 1]: ุฎูููุฉ ุจููู ุฏุงูู ูุฌุฐุงุจ. ุงูุนููุงู ุจุฎุท ูุจูุฑ ููุงุถุญ (Bold). ุงุณุชุฎุฏุงู ุฃููููุฉ 'ุนูุงูุฉ ุชุนุฌุจ' ุฃู 'ุนุฏุณุฉ ููุจุฑุฉ' ูุดุฏ ุงูุงูุชุจุงู. ุดุนุงุฑ Wayso ูู ุฒุงููุฉ ุงูุตูุญุฉ.

[Slides 2-5]: ุฎูููุฉ ุจููู ูุงุชุญ. ูู ุณูุงูุฏ ููู ุฃููููุฉ ุชุฑูุฒ ูููุดููุฉ ุงููุฐููุฑุฉ (ูุซุงู: ุฃููููุฉ ุฑุณู ุจูุงูู ูุดูุด ูู 'ุบูุงุจ ุงูุจูุงูุงุช'). ุงููุต ูููู ููุฑูุก ูุณูู ุงููุถู. ุชุฑููู ุงูุนูุงูุงุช ูููู ุจุงุฑุฒ.

[Slide 6]: ุฎูููุฉ ูููุฒุฉ. ุงููุต ูููู ุนูู ุดูู ุฏุนูุฉ ููุนูู ูุงุถุญุฉ. ูุถุน ููุบู Wayso ุจุดูู ุจุงุฑุฒ ูู ุงูููุชุตูุ ูุน ูุนูููุงุช ุงูุชูุงุตู ุฃู ุนุจุงุฑุฉ 'DM for info'.

[ุนูุตุฑ ูุดุชุฑู]: ุฅุถุงูุฉ ุณูู 'ูุฑุฑ โฌ๏ธ' ูู ุฃุณูู ูู ุตูุญุฉ (ูุง ุนุฏุง ุงูุฃุฎูุฑุฉ) ูุชุญููุฒ ุงูุชูุงุนู).","{""headline"":""ูู ุญููุงุชู ุงูุฅุนูุงููุฉ ูุฌุฑุฏ ูุถูุนุฉ ูููุงูุ โ๏ธ"",""body"":""ูุงูู ุนูุงูุงุช ูุงุถุญุฉ ุชูููู ุจูู ุงูุงุณุชุฑุงุชูุฌูุฉ ุชุงุนู ุบุงูุทุฉุ ุจุตุญ ุจุฒุงู ูุชุฌุงููููุง!\n\nูู ูุฐุง ุงููุงุฑูุณุงูุ ูุดููุงูู 4 ูู ุฃุฎุทุฑ ุงูุนูุงูุงุช ูู ุชุฏู ุนูู ูุดู ุฅุนูุงูุงุชู. ุฅุฐุง ุชุนุฑูุช ุนูู ูุญุฏุฉ ูููู ุจุฑู ูู ุงูุจูุฒูุณ ุชุงุนูุ ูุนูุงูุง ุฑุงู ูู ุฎุทุฑ.\n\nุงูุชุณููู ุงููุงุฌุญ ูุงุดู ุตุฏูุฉุ ูู ุนูู ููุธุงู."",""cta"":""ูุฑุฑ ุจุงุด ุชุดูู ุงูุนูุงูุงุช ูุงููุ ู ุงูุชุดู ูู ุงูุตูุญุฉ ุงูุฃุฎูุฑุฉ ูููุงุด ูุธุงู Wayso ูุญูู ุงูุฎุณุงุฑุฉ ุฅูู ุฃุฑุจุงุญ ุญููููุฉ ููุณุชุฏุงูุฉ."",""hashtags"":""#ูุตุงุฆุญ_ุชุณููููุฉ #ุชุณููู_ุงูุฌุฒุงุฆุฑ #ุฅุฏุงุฑุฉ_ุฃุนูุงู #ูุดุฑูุนู #ุฑูุงุฏุฉ_ุงูุฃุนูุงู_ุงูุฌุฒุงุฆุฑ #wayso #dzpower""}","ุนุจุฏ ุงูุฑุญูู (ุงููุตูู)","2000","51000"
"Wayso_UniverseBusiness_SystemCampaign","WAYSO HUB","N/A","P1","ุตูุฑุฉ","80% ูู ุงูุดุฑูุงุช ุชุฎุณุฑ ุงูุฏุฑุงูู ูู ุงูุฅุนูุงูุงุช. ูุงุชูููุด ูุงุญุฏ ูููู!","80% ูู ุงูุดุฑูุงุช ูู ุงูุฌุฒุงุฆุฑ ุชุฎุณุฑ ุฏุฑุงูููุง ูู ุงูุฅุนูุงูุงุช.

ูุงุชูููุด ุฃูุช ูุงุญุฏ ูููู.","[ุงูุชุตููู]: ุชุตููู ุจุณูุท ููุจุงุดุฑ. ุงูุฎูููุฉ ุชููู ุจููู ุณุงุฏุฉ (ูุซูุงู ุฃุณูุฏ ุฃู ูุญูู). ุงูุฑูู '80%' ูููู ุจุญุฌู ุถุฎู ุฌุฏุงู ููู ููุชุตู ุงูุชุตููู ุจููู ูุชูุงูุถ (ุฃุจูุถ ุฃู ุฃุตูุฑ). ุจุงูู ุงููุต ูููู ุชุญุชู ุจุฎุท ุฃุตุบุฑ ูููู ูุงุถุญ. ุดุนุงุฑ Universe Business/Wayso ูู ุงูุฃุณูู ุจุดูู ุบูุฑ ุทุงุบู.","{""headline"":""ูุงุชุฎููุด ุฏุฑุงููู ุชุฑูุญ ูู ุงูุฑูุญ! ๐จ"",""body"":""ุงูุญูููุฉ ุงููุฑุฉ: ุฃุบูุจูุฉ ุงูุฅุนูุงูุงุช ูู ุชุดูููุง ูู ููู ูู ูุฌุฑุฏ ุญุฑู ูููุงู ุจุฏูู ุงุณุชุฑุงุชูุฌูุฉ ูุงุถุญุฉ.\n\nุงูุณุจุจุ ุงูุชุฑููุฒ ุนูู 'ุงูุญููุฉ' ุจุฏู 'ุงููุธุงู'. ุงูุญููุฉ ูุคูุชุฉ ููุชุงุฆุฌูุง ุนุดูุงุฆูุฉุ ุฃูุง ุงููุธุงู ููู ุงุณุชุซูุงุฑ ุทููู ุงูุฃูุฏ ูุจูู ุนูุงูุชู ู ูุฌูุจูู ุนููุงุก ุฃูููุงุก.\n\nูู Universe Businessุ ูุทุจู ูุธุงู Wayso ูู ูุถูููู ูู ุฏููุงุฑ ุชุตุฑูู ูุฑุฌุนูู ุจูุงุฆุฏุฉ."",""cta"":""ุญุงุจ ุชุนุฑู ุงูุณุฑ ูู ูุฎูู ุฅุนูุงูุงุชู ูุงุฌุญุฉุ ุงุถุบุท ุนูู ุงูุฑุงุจุท ูู ุงูุจุงูู ูุงูุชุดู ูููุฌูุชูุง."",""hashtags"":""#ุงุณุชุซูุงุฑ #ุชุณููู_ูุงุฌุญ #ูุดุงุฑูุน_ุงูุฌุฒุงุฆุฑ #ุดุฑูุงุช_ุฌุฒุงุฆุฑูุฉ #entrepreneuralgerien #algerianstartup""}","ุนุจุฏ ุงูุฑุญูู (ุงููุตูู)","1000","51000"
"Wayso_UniverseBusiness_SystemCampaign","WAYSO HUB","N/A","V2","ููุฏูู","ุนูุงุด ุงููุงุฑูุงุช ุงููุจูุฑุฉ ูุง ุชุนุชูุฏุด ุนูู 'ุงูุญุธ' ูู ุงูุชุณููู ุชุงุนูุงุ","(ุตูุช ูุงุฏุฆ ููุงุซู)
ุนูุงุด ุงููุงุฑูุงุช ุงููุจูุฑุฉ ูุง ุชุนุชูุฏุด ุนูู 'ุงูุญุธ' ูู ุงูุชุณููู ุชุงุนูุงุ
(ููุณููู ุชุตููุฑูุฉ ุชุจุฏุฃ)
ูุฃููู ููููุง ูุงุญุฏ ุงูุญุงุฌุฉ ุจุณูุทุฉ...
ุงูุชุณููู ุงูุนุดูุงุฆู... ูู ุทุฑูู ูุถููู ููุฎุณุงุฑุฉ.
ุชุฎูู ุฃูู ุชุจูู ุฏุงุฑ... ุจูุง ุชุตููู. ูู ููู ุชุญุท ูุงุฌูุฑุฉ ูู ุจูุงุตุฉ. ูููู ุชููููุงุ ูุณุชุญูู.
ููุฐุง ุฏุงูุฑุฉ ุงูุญููุฉ ุงูุฅุนูุงููุฉ ุงูุนุดูุงุฆูุฉ.
ูุฌุฑุฏ ูุตุงุฑูู ูุชูุฑูุฉ ุจูุง ุฑุคูุฉ.
ุจุตุญ... ุงููุงุฑูุงุช ุงููุงุฌุญุฉ ุชุฎุฏู ุจูุธุงู.
ุณูุณุชุงู ูุงุถุญ... ูููุง ุชุตููู ุงูุจูุงุก.
ูู ูุทุนุฉ ูุญุชููุ ูู ุฅุนูุงูุ ูู ุฏููุงุฑ... ุนูุฏู ููุงู ููุฏู ูุญุฏุฏ.
ุงููุชูุฌุฉุ ููู ูุณุชูุฑ... ูุนููุงุก ุฃูููุงุก.
ูุฐุง ูู ุงููุฑู. ูุฐุง ูู ุณูุณุชุงู Wayso.
ูุงุดู ุญููุฉ ูุชููุชุ ุณูุณุชุงู ุชุณููู ูุฌูุจูู ุงูููููู ุงูุตุญ.","[ุงูุฃุณููุจ ุงูุนุงู]: ููุฏูู Motion Graphics ุณุฑูุน ู ุงุญุชุฑุงูู. ุงุณุชุฎุฏุงู ุงูุฃููููุงุช ูุงููุตูุต ุงููุชุญุฑูุฉ (Kinetic Typography) ูุชูุถูุญ ุงูุฃููุงุฑ.

[ุงููุดูุฏ 1 - Before]: ุชุธูุฑ ุฃููููุฉ 'ุนูุงูุฉ ุงุณุชููุงู' ุฃู 'ูุฑุฏ (dice)' ูุน ูููุฉ 'ุงูุญุธ'. ุจุนุฏูุงุ ุชุธูุฑ ุฑุณููุงุช ูุฃุณูู ููุถููุฉ ุชุชุฌู ูู ูู ุงูุงุชุฌุงูุงุชุ ูุน ุฃููููุงุช ูููุฏ ุชุญุชุฑู. ุงููุต 'ุญููุฉ ุนุดูุงุฆูุฉ' ูุธูุฑ ููุชูุงุดู.

[ุงููุดูุฏ 2 - After]: ุงูุชูุงู ุณูุณ. ุชุธูุฑ ุฃููููุฉ 'ูุฎุทุท ุจูุงุก (blueprint)'. ุงูุฃุณูู ุงูููุถููุฉ ุชุชุญูู ุฅูู ุฎุท ูุณุชููู ููุงุถุญ ูุชุฌู ููุฃุนูู. ุชุธูุฑ ุฃููููุงุช ุนููุงุก ุณุนุฏุงุก ูุฃุฑุจุงุญ ูุชุฒุงูุฏุฉ. ุงููุต 'ูุธุงู ุชุณูููู' ูุธูุฑ ุจุดูู ุซุงุจุช ูููู.

[ุงููุดูุฏ 3 - Bridge/CTA]: ูุธูุฑ ุดุนุงุฑ Wayso ูู ุงูููุชุตู. ุชุชุฌูุน ูู ุงูุนูุงุตุฑ ุงูุฅูุฌุงุจูุฉ (ุงูุฃุณููุ ุงูุนููุงุก) ุญููู. ูุธูุฑ ุงููุต: 'Wayso: Your Marketing System'. ููู ุงูุฃุฎูุฑุ ุชุธูุฑ ุฏุนูุฉ ููุนูู ุนูู ูุงูู ุงูุดุงุดุฉ: 'ุฒูุฑูุง ูููุนูุง ูุงูุชุดุงู ูุธุงููุง' ูุน ุฑุงุจุท ุงููููุน.","{""headline"":""ุงูุณุฑ ูู ููุฑู ุจูู ุจูุฒูุณ ูุงุฌุญ ู ุจูุฒูุณ ููุดู. ๐ก"",""body"":""ุงููุงุฑูุงุช ุงููุจูุฑุฉ ูุง ูุตูุชุด ููููุฉ ุจุงูุตุฏูุฉ ุฃู ุงูุญุธ.\n\nูุฑุงุก ูู ูุตุฉ ูุฌุงุญุ ูุงูู 'ูุธุงู' ุชุณูููู ูุญููุ ูุงุดู ูุฌุฑุฏ 'ุญููุงุช' ุฅุนูุงููุฉ ุนุดูุงุฆูุฉ.\n\nุงูุญููุฉ ุชุฌูุจูู ูุชุงุฆุฌ ูุคูุชุฉุ ููู ุงููุธุงู ูุจูููู ูุณุชูุจู ูุณุชุฏุงู.\n\nุดุงูุฏ ุงูููุฏูู ูุงูุชุดู ุงููุฑู ุจูู ุงูุชุฎููู ูุงูุชุฎุทูุทุ ููููุงุด ุญููู Wayso ุชูุฏุฑ ุชุจุฏู ูุตูุฑ ุงูุจูุฒูุณ ุชุงุนู."",""cta"":""ูุณุชุนุฏ ุชุจูู ูุธุงูุ ุชุนุฑู ุนูู ุณูุณุชุงู Wayso ูู ูุฌูุจูู ุงูููููู ุงูุตุญุ ุฒูุฑ ูููุนูุง ูู ุงูุจุงูู."",""hashtags"":""#ุงุณุชุฑุงุชูุฌูุฉ_ุชุณููู #ุนูุงูุฉ_ุชุฌุงุฑูุฉ #ููู_ุงูุฃุนูุงู #ุงูุฌุฒุงุฆุฑ #business_dz #alger""}","ุฃุญูุฏ ูุฅุณูุงู (ูุฑูู ุงููููุชุงุฌ)","15000","51000"
"Wayso_UniverseBusiness_SystemCampaign","WAYSO HUB","N/A","C2","ูุงุฑูุณุงู","ููุงุฑูุฉ ุจุงูุฃุฑูุงู: ุงููุฑู ุงูุตุงุฏู ุจูู ุญููุฉ ุฅุนูุงููุฉ ุนุงุฏูุฉ ู ุณูุณุชุงู ุชุณููู ูุชูุงูู.","{""Slide 1"":""ุญููุฉ ุฅุนูุงููุฉ ุนุงุฏูุฉ VS ูุธุงู Wayso\nููู ุฑุงู ุงููุฑู ุงูุญููููุ\n(ูุงุดู ูููุง ุฑุงู ุชุชุฎูู!)"",""Slide 2"":""ุงูููุงุฑูุฉ 1: ุงูุชุฎุทูุท\n\n- ุงูุญููุฉ ุงูุนุงุฏูุฉ: ุนุดูุงุฆู ููุคูุช. ุชุจุฏุฃ ุจูุฏู ุจูุน ุณุฑูุน ูุชูุชูู ุจุงูุชูุงุก ุงูููุฒุงููุฉ.\n- ูุธุงู Wayso: ุงุณุชุฑุงุชูุฌู ููุณุชูุฑ. ูุจุฏุฃ ุจููู ุนููู ููุนููู ูููุชุฏ ูุจูุงุก ุนูุงูุฉ ุทูููุฉ ุงูุฃูุฏ."",""Slide 3"":""ุงูููุงุฑูุฉ 2: ุงููุญุชูู\n\n- ุงูุญููุฉ ุงูุนุงุฏูุฉ: ุจูุน ูุจุงุดุฑ ูุณุทุญู. 'ุงุดุฑู ุงูุขู!' 'ุชุฎููุถุงุช!'.\n- ูุธุงู Wayso: ุจูุงุก ูููุฉ ูุซูุฉ. ูุญุชูู ูุญู ูุดุงูู ุงูุนููู ู ูุซูู ุงูุณูู ูุจู ุทูุจ ุงูุจูุน."",""Slide 4"":""ุงูููุงุฑูุฉ 3: ุงูููุงุณ\n\n- ุงูุญููุฉ ุงูุนุงุฏูุฉ: ุฃุฑูุงู ุนุงูุฉ. ุงูุชุฑููุฒ ุนูู ุงููุงููุงุช ูุงููุดุงูุฏุงุช ุงูุชู ูุง ุชุชุฑุฌู ุฅูู ูุจูุนุงุช.\n- ูุธุงู Wayso: ุชุญููู ุฏููู. ุงูุชุฑููุฒ ุนูู ุชูููุฉ ุงูุชุณุงุจ ุงูุนููู (CAC) ูุงูุนุงุฆุฏ ุนูู ุงูุงุณุชุซูุงุฑ (ROI)."",""Slide 5"":""ุงูููุงุฑูุฉ 4: ุงูุนุงุฆุฏ\n\n- ุงูุญููุฉ ุงูุนุงุฏูุฉ: ูุชุงุฆุฌ ุบูุฑ ูุถูููุฉ. ุฑุจุญ ุณุฑูุน ุงููููุ ูุฎุณุงุฑุฉ ุบุฏุงู.\n- ูุธุงู Wayso: ููู ูุณุชุฏุงู ููุชููุน. ุจูุงุก ุฃุตูู ุชุณููููุฉ ุชุถูู ุชุฏูู ุงูุนููุงุก ุจุดูู ุฏุงุฆู."",""Slide 6"":""ุงูุฎูุงุตุฉ:\n\nูุงุชุฒูุฏุด ุชุฎุณุฑ ุฏุฑุงููู ูู ูุญุงููุงุช ุนุดูุงุฆูุฉ.\n\nุงุณุชุซูุฑ ูู ูุธุงู ูุฌูุจูู ุงูููููู ุงูุตุญุ ูุงุดู ุญููุฉ ุชููุช. ุงุจุฏุฃ ุฑุญูุชู ูุญู ุงูููู ุงููุณุชุฏุงู. ุงูุชุดู ููุฉ ูุธุงู Wayso ุงูููู.""}","[ุงููููุฉ ุงูุจุตุฑูุฉ]: ุชุตููู ูุนุชูุฏ ุนูู ุงูููุงุฑูุฉ ุงููุงุถุญุฉ (Side-by-side).

[Slide 1]: ุดุงุดุฉ ููุณููุฉ ุนููุฏูุงู. ุงูุฌูุฉ ุงููุณุฑู ุจุฃููุงู ุจุงูุชุฉ ูุน ูููุฉ 'ุญููุฉ ุนุงุฏูุฉ'ุ ูุงูุฌูุฉ ุงููููู ุจุฃููุงู Wayso ุงูุฒุงููุฉ ูุน 'ูุธุงู Wayso'. ุนูุงูุฉ 'VS' ูุจูุฑุฉ ูู ุงูููุชุตู.

[Slides 2-5]: ุงูุญูุงุธ ุนูู ุชุตููู ุงูุดุงุดุฉ ุงูููุณููุฉ. ุงูุฌูุฉ ุงููุณุฑู (ุงูุญููุฉ) ุชุณุชุฎุฏู ุฃููููุงุช ุชุฑูุฒ ููุนุดูุงุฆูุฉ (ูุซู ูุฑุฏุ ุณูู ูุชุนุฑุฌ). ุงูุฌูุฉ ุงููููู (ุงููุธุงู) ุชุณุชุฎุฏู ุฃููููุงุช ุชุฑูุฒ ููุฏูุฉ (ูุซู ูุฏูุ ุฑุณู ุจูุงูู ุตุงุนุฏ).

[Slide 6]: ุชุตููู ููุญุฏ ูุฌูุน ูููุฉ Wayso. ูุต ุงูุฎูุงุตุฉ ูููู ูุงุถุญุงู ููุญูุฒุงูุ ูุน ุฏุนูุฉ ููุชูุงุตู ูุจุงุดุฑุฉ ุฃู ุฒูุงุฑุฉ ุงููููุน. ุดุนุงุฑ Wayso ูููู ุงูุนูุตุฑ ุงูุจุตุฑู ุงูุฃุจุฑุฒ.","{""headline"":""ุญููุฉ vs ูุธุงู: ุงูููุงุฑูุฉ ูู ุฑุงุญ ุชุจุฏูู ูุธุฑุชู ููุชุณููู ููุฃุจุฏ."",""body"":""ูู ุชุนูู ุฃู ุงูุทุฑููุฉ ูู ุฑุงู ุชุณูู ุจููุง ูุงุฏุฑุฉ ุชููู ูู ุงูุณุจุจ ูู ุนุฏู ููู ูุดุฑูุนูุ\n\nุงููุซูุฑ ูุฎูุท ุจูู ุฅุทูุงู ุญููุฉ ุฅุนูุงููุฉุ ูุจูุงุก ูุธุงู ุชุณูููู. ุงูุฃููู ูู ูุฌุฑุฏ ุตุฑู ูููุงูุ ูุงูุซุงููุฉ ูู ุงุณุชุซูุงุฑ ุฐูู.\n\nูู ูุฐุง ุงููุงุฑูุณุงูุ ุฏุฑูุงูู ููุงุฑูุฉ ูุจุงุดุฑุฉ ูุดูุงูุฉ ุจุงุด ุชุนุฑู ุงููุฑู ุงูุญูููู."",""cta"":""ูุฑุฑ ูุดูู ูููุงุด 'ุงููุธุงู' ูุญูู ููุฒุงููุชู ูุฃุฑุจุงุญ ุญููููุฉ ููุณุชุฏุงูุฉ. ูุณุชุนุฏ ููุชุบููุฑุ ุชูุงุตู ูุนูุง."",""hashtags"":""#ููุงุฑูุฉ #ุชุณููู_ุงุณุชุฑุงุชูุฌู #ุจุฒูุณ #ุงูุฌุฒุงุฆุฑ #ูุดุฑูุนู #wayso #roi""}","ุนุจุฏ ุงูุฑุญูู (ุงููุตูู)","2000","51000"
"Wayso_UniverseBusiness_SystemCampaign","WAYSO HUB","N/A","P2","ุตูุฑุฉ","ุญููุฉ ุฅุนูุงููุฉ ุนุดูุงุฆูุฉ vs. ุณูุณุชุงู Wayso: ูุงุด ุชุฎุชุงุฑ ููุณุชูุจู ุฎุฏูุชูุ","ูุณุชูุจู ูุดุฑูุนู ุจูู ูุฏูู:

[ุงูุฌูุฉ ุงููุณุฑู]
ุญููุฉ ุนุดูุงุฆูุฉ:
- ููุถู
- ุญุฑู ุฃููุงู
- ูุชุงุฆุฌ ูุคูุชุฉ

[ุงูุฌูุฉ ุงููููู]
ูุธุงู Wayso:
- ูุถูุญ
- ุงุณุชุซูุงุฑ ุฐูู
- ููู ูุณุชุฏุงู","[ุงูุชุตููู]: ุตูุฑุฉ ููุณููุฉ ุฅูู ูุตููู ุจุดูู ูุงุถุญ.

[ุงูุฌุงูุจ ุงูุฃูุณุฑ]: ุฎูููุฉ ุฑูุงุฏูุฉ ุฃู ููุถููุฉ (ูุซู ุฎุทูุท ูุชุดุงุจูุฉ). ุงููุต ููุชูุจ ุจุฎุท ุบูุฑ ููุชุธู. ุฃููููุฉ 'ูุงุฑ' ุตุบูุฑุฉ ุจุฌุงูุจ 'ุญุฑู ุฃููุงู'.

[ุงูุฌุงูุจ ุงูุฃููู]: ุฎูููุฉ ูุธููุฉ ูุจุฃููุงู Wayso. ุงููุต ููุชูุจ ุจุฎุท ุงุญุชุฑุงูู ูููุธู. ุฃููููุฉ 'ุณูู ุตุงุนุฏ' ุตุบูุฑุฉ ุจุฌุงูุจ 'ููู ูุณุชุฏุงู'.

[ุงูุนููุงู]: ูู ุงูุฃุนููุ ุจุฎุท ูุจูุฑ ููุงุถุญ: 'ุญููุฉ ุนุดูุงุฆูุฉ vs. ูุธุงู Wayso'. ููู ุงูุฃุณููุ ุณุคุงู: 'ูุงุด ุชุฎุชุงุฑ ููุณุชูุจู ุฎุฏูุชูุ'.","{""headline"":""ุงุฎุชูุงุฑ ูุงุญุฏ ูุญุฏุฏ ูุณุชูุจู ุงูุจูุฒูุณ ุชุงุนู. ๐ vs ๐"",""body"":""ูู ูููุ ูุตุงุญุจ ูุดุฑูุนุ ุชุชุฎุฐ ูุฑุงุฑุงุช. ููู ุฃูู ูุฑุงุฑ ูู ุงูุชุณููู ูู: ูู ุณุชุนุชูุฏ ุนูู ุงูุนุดูุงุฆูุฉ ุฃู ุนูู ุงููุธุงูุ\n\nุงูุฃููู ุทุฑูู ูุญููู ุจุงููุฎุงุทุฑ ูุชุถููุน ุงูููุงุฑุฏ.\nุงูุซุงููุฉ ูู ุงูุทุฑูู ุงููุถููู ููููู ุงููุณุชุฏุงู ูุงูุฑุจุญูุฉ.\n\nุงูุตูุฑุฉ ุชูุฎุต ูู ุดูุก. ุงูุงุฎุชูุงุฑ ูู."",""cta"":""ุฅุฐุง ุงุฎุชุฑุช ุงููููุ ูุญู ููุง ููุณุงุนุฏุชู. ุงูุชุดู ุงููุฑู ูู ูุฏูุฑ ุงููุงูุฏุฉ ุงููุจูุฑุฉ. ุชูุงุตู ูุนูุง."",""hashtags"":""#ุงุฎุชูุงุฑ #ูุฑุงุฑ #ูุณุชูุจู_ุงูุฃุนูุงู #ููู #ุชุณููู_ุฑููู_dz #algerian_brand""}","ุนุจุฏ ุงูุฑุญูู (ุงููุตูู)","1000","51000"